"Barcode","Product Name","Brand"
"073472001233","Food for Life Ezekiel 4:9 Sesame Sprouted Whole Grain Bread","Food For Life"
"073472001240","Food for Life Ezekiel 4:9 Flax Sprouted Whole Grain Bread","Food For Life"
"073472001530","Food for Life Ezekiel 4:9 Low Sodium Sprouted Whole Grain Bread","Food For Life"
"073472001011","Food for Life 7 Sprouted Grains Bread","Food For Life"
"073472001417","Food for Life Genesis 1:29 Sprouted Grain and Seed Bread","Food For Life"
"858660005190","Wildway Apple Cinnamon Grain Free Granola","Wildway"
"858660005176","Wildway Banana Nut Grain Free Granola","Wildway"
"858660005183","Wildway Coconut Cashew Grain Free Granola","Wildway"
"858660005206","Wildway Vanilla Bean Espresso Grain Free Granola","Wildway"
"858660005824","Wildway Peach Pecan Grain Free Granola","Wildway"
"073472004005","Food for Life Ezekiel 4:9 Sprouted Original Waffles","Food For Life"
"073472004029","Food for Life Ezekiel 4:9 Sprouted Golden Flax Waffles","Food For Life"
"073472004036","Food for Life Ezekiel 4:9 Sprouted Apple Nut Waffles","Food For Life"
"073472001196","Food for Life Ezekiel 4:9 Sprouted Whole Grain English Muffins","Food For Life"
"073472001189","Food for Life Ezekiel 4:9 Flax Sprouted Whole Grain English Muffins","Food For Life"
"814558021239","Forager Project Organic Plain Unsweetened Dairy-Free Creamer","Forager Project"
"850030464224","MALK Organic Unsweetened Coconut Milk Creamer","MALK Organics"
"018944000802","Elmhurst Unsweetened Oat Creamer","Elmhurst 1925"
"093966510522","Organic Valley Organic Half & Half Pint","Organic Valley"
"742365216701","Horizon Organic Half & Half Pint","Horizon Organic"
"616112031537","Wholly Avocado 100% Chunky Avocado Minis 4-Pack","Wholly Avocado"
"616112866719","Wholly Guacamole Chunky Medium Guacamole Bowl","Wholly Guacamole"
"616112353561","Wholly Guacamole Extra Chunky Restaurant Style Bowl","Wholly Guacamole"
"044115403042","Cedar's Organic Roasted Red Pepper Hommus","Cedar's"
"044115008216","Cedar's Garlic Hommus","Cedar's"
"042272002436","Amy's Light in Sodium Brown Rice & Vegetables Bowl","Amy's Kitchen"
"850446008715","Saffron Road Vegetable Biryani","Saffron Road"
"857063002867","Saffron Road Moroccan-Inspired Chicken and Potatoes","Saffron Road"
"857063002898","Saffron Road Chicken and Cheese Enchiladas al Chipotle","Saffron Road"
"850029953616","Saffron Road Crossroads Hatch Chile Chicken Pesto","Saffron Road"
