Barcode,Product Name,Brand
191011000872,JUST Egg Folded Plant Eggs,JUST Egg
810012620185,Strong Roots Cauliflower Hash Browns,Strong Roots
856017003813,Birch Benders Paleo Toaster Waffles,Birch Benders
073416045378,Lundberg Organic Long Grain Brown Rice Bowl,Lundberg Family Farms
812446030004,A Dozen Cousins Cuban Black Beans,A Dozen Cousins
024182002249,Eden Foods Organic Brown Rice and Pinto Beans,Eden Foods
085239190326,Good & Gather 90 Second Organic Whole Grain Brown Rice,Good & Gather
093966009545,Organic Valley Organic Stringles Mozzarella String Cheese,Organic Valley
046100353394,Sargento Balanced Breaks Gouda Sharp Cheddar and Triscuit Mini Crackers,Sargento
860006229603,Little Sesame Organic Original Hummus,Little Sesame
852537005412,Base Culture Original Keto Bread,Base Culture
850053830099,Seven Sundays Rise & Shine Strawberry Banana Nut Granola,Seven Sundays
859480006077,Safe Catch Wild Elite Pure Tuna,Safe Catch
070303022061,Season Brand Skinless & Boneless No Salt Added Sardines in Water,Season Brand
850014634414,Bonafide Provisions No Salt Added Organic Chicken Broth,Bonafide Provisions
024000241133,College Inn Unsalted Chicken Stock,College Inn
075947401555,Mr. Dell's All Natural Frozen Shredded Hash Browns,Mr. Dell's
084213000729,Mestemacher Whole Rye Bread,Mestemacher
