Barcode,Product Name,Brand,Category
,Beech-Nut Naturals Pear & Blueberry Baby Food,Beech-Nut,Baby Food
,Beech-Nut Naturals Butternut Squash Baby Food,Beech-Nut,Baby Food
,Earth's Best Organic Stage 2 Apple Blueberry Oatmeal,Earth's Best,Baby Food
,Earth's Best Organic Stage 2 Carrots & Broccoli,Earth's Best,Baby Food
,Coffee mate Cafe Mocha Liquid Coffee Creamer,Coffee mate,Coffee Creamer
,Coffee mate Cinnamon Vanilla Creme Liquid Coffee Creamer,Coffee mate,Coffee Creamer
,Coffee mate Vanilla Caramel Liquid Coffee Creamer,Coffee mate,Coffee Creamer
,Coffee mate SNICKERS Liquid Coffee Creamer,Coffee mate,Coffee Creamer
,Coffee mate Zero Sugar Italian Sweet Creme Liquid Coffee Creamer,Coffee mate,Coffee Creamer
,International Delight Irish Creme Coffee Creamer,International Delight,Coffee Creamer
,International Delight Southern Butter Pecan Coffee Creamer,International Delight,Coffee Creamer
,International Delight Zero Sugar Caramel Macchiato Coffee Creamer,International Delight,Coffee Creamer
,International Delight REESE'S Peanut Butter Cup Coffee Creamer,International Delight,Coffee Creamer
,Chobani Sweet Cream Coffee Creamer,Chobani,Coffee Creamer
,Chobani Vanilla Coffee Creamer,Chobani,Coffee Creamer
